id	parent_id	ente	dominio	dataset	dataset_version	release_date	observation_date	grana_minima	sardegna_separabile	coverage_status	atlas_role	accesso	licenza	license_url	ridistribuibile	formato	source_crs	publication_crs	resolution	feature_count_snapshot	extracted_at	url	verificato_il	confidence	note
bdn_vetinfo_statistiche	NA	Ministero della Salute; Sistema Informativo Veterinario	consistenza_zootecnica	BDN - statistiche del patrimonio zootecnico	2025-12-31	unknown	2025-12-31	REGIONE/SPECIE	S	partial_region	pressione_contesto;benchmark	aperto per aggregati	unknown	unknown	S	web; API del report pubblico	NA	NA	REGIONALE	2	2026-07-16	https://www.vetinfo.it/j6_statistiche/	2026-07-16	Certain	Snapshot regionale ovini/caprini, attività ALLEVAMENTO, estratto dal report pubblico; usare solo aggregati; non pubblicare dati aziendali puntuali; non è un indicatore AMR
istat_censimento_agricoltura_2020	NA	ISTAT	agricoltura_zootecnia	7° Censimento generale dell'agricoltura - risultati comunali	2020	2024-01-29	2020	COMUNE	S	complete_region	pressione_contesto;benchmark	aperto	CC BY 4.0	https://creativecommons.org/licenses/by/4.0/	S	IstatData; tavole; dashboard	NA	NA	COMUNALE	NA	NA	https://www.istat.it/statistiche-per-temi/censimenti/agricoltura/7-censimento-generale/risultati/	2026-07-15	Certain	Contesto agricolo e zootecnico comunale; non denominatore epidemiologico automatico; non usare capi o aziende come prevalenza AMR
ras_uso_suolo_2008	NA	Regione Autonoma della Sardegna	uso_del_suolo	Carta dell'uso del suolo 1:25.000 - poligonale	2008	unknown	fonti prevalenti 2003-2006	POLIGONO	S	complete_region	contesto;layer_derivato	aperto	unknown	unknown	unknown	Shapefile; PDF legenda	unknown	CRS Atlas da definire	1:25.000	NA	NA	https://www.sardegnageoportale.it/index.php?c=14480&es=6603&esp=1&n=100&na=1&s=40&tb=14401&v=9&xsl=2420	2026-07-15	Certain	Descrive struttura agricola/pastorale; non misura capi, aziende, reflui o AMR; mantenere distinta da ISTAT e BDN
ras_depuratori	NA	Regione Autonoma della Sardegna	servizi_ambientali	Depuratori - PPR06	2005	unknown	2005	PUNTO	S	unknown	contesto	aperto	unknown	unknown	unknown	Shapefile; servizio cartografico	CRS sorgente da verificare	EPSG:4326 nello snapshot utente	PUNTO	267 nello snapshot locale	da registrare	https://www.sardegnageoportale.it/	2026-07-15	Likely	Layer storico; il conteggio 267 è solo dello snapshot locale; non inventario operativo attuale; non confrontare automaticamente con dati Abbanoa
sira_scarichi	NA	Regione Autonoma della Sardegna	SIRA; scarichi	Catasto/inventario degli scarichi	da snapshot locale	unknown	periodo di acquisizione da registrare	PUNTO	S	partial_region	contesto;layer_derivato	consultabile; scraping parziale	unknown	unknown	unknown	Record estratti dal portale; shapefile/CSV interno	EPSG:3003	EPSG:4326 nello snapshot utente	PUNTO	circa 274 nello snapshot; 169/377 comuni acquisiti	da registrare	https://www.sardegnageoportale.it/	2026-07-15	Certain	Copertura parziale e ordine alfabetico fino a Mores; comuni non acquisiti = dato non acquisito, mai zero; modello raw-edits-public
ras_pdg2021_corpi_idrici	ras_pdg_dis	Autorità di Bacino della Sardegna	risorse_idriche	PdG DIS - corpi idrici superficiali e sotterranei	terzo ciclo 2021-2027	2021-12-21/2023-06-07	ciclo 2021-2027	CORPO_IDRICO	S	complete_region	base;contesto	aperto	unknown	unknown	unknown	Allegati cartografici; servizi/dati da verificare	da file	CRS Atlas da definire	CORPO_IDRICO	NA	da registrare	https://autoritadibacino.regione.sardegna.it/pianificazione/piano-di-gestione-del-distretto-idrografico/	2026-07-15	Certain	Unità idrica istituzionale; non equivale automaticamente a bacino scolante o rete orientata monte-valle
ras_pdg2021_pressioni	ras_pdg_dis	Autorità di Bacino della Sardegna	risorse_idriche	PdG DIS - pressioni e impatti significativi	terzo ciclo 2021-2027	2021-12-21/2023-06-07	ciclo 2021-2027	CORPO_IDRICO/PRESSIONE	S	complete_region	contesto	aperto	unknown	unknown	unknown	Relazioni; tavole; dati da verificare	da file	CRS Atlas da definire	variabile	NA	da registrare	https://autoritadibacino.regione.sardegna.it/pianificazione/piano-di-gestione-del-distretto-idrografico/	2026-07-15	Certain	Pressioni ambientali istituzionali; non indicatore AMR e non indice da sommare autonomamente
ras_pdg2021_monitoraggio	ras_pdg_dis	Autorità di Bacino della Sardegna	monitoraggio_idrico	PdG DIS - monitoraggio e classificazione delle acque	terzo ciclo 2021-2027	2021-12-21/2023-06-07	periodo secondo tavola/stazione	STAZIONE/CORPO_IDRICO	S	complete_region	contesto	aperto	unknown	unknown	unknown	Tabelle; tavole; dati da verificare	da file	CRS Atlas da definire	STAZIONE/CORPO_IDRICO	NA	da registrare	https://autoritadibacino.regione.sardegna.it/monitoraggio/	2026-07-15	Certain	Separare stazioni, corpo idrico, periodo e classe; stato ecologico/chimico non equivale a AMR
ras_pdg2021_rischio	ras_pdg_dis	Autorità di Bacino della Sardegna	risorse_idriche	PdG DIS - rischio di mancato raggiungimento degli obiettivi ambientali	terzo ciclo 2021-2027	2021-12-21/2023-06-07	ciclo 2021-2027	CORPO_IDRICO	S	complete_region	contesto	aperto	unknown	unknown	unknown	Tavole; dati da verificare	da file	CRS Atlas da definire	CORPO_IDRICO	NA	da registrare	https://autoritadibacino.regione.sardegna.it/pianificazione/piano-di-gestione-del-distretto-idrografico/	2026-07-15	Certain	Etichettare sempre per esteso; non è rischio sanitario, AMR o di contaminazione
ras_pai_pgra	NA	Autorità di Bacino della Sardegna	pericolosita_territoriale	Cartografia PAI/PGRA - pericolosità, rischio e danno potenziale	ultimo snapshot da registrare	unknown	snapshot e varianti da registrare	POLIGONO_TEMATICO	S	complete_region	contesto	aperto	unknown	unknown	unknown	Shapefile; servizi/navigatore	da file	CRS Atlas da definire	variabile	NA	da registrare	https://autoritadibacino.regione.sardegna.it/mappe-pai-pgra-aggiornamento-dati-sul-geoportale-regione-sardegna/	2026-07-15	Certain	Layer di pericolosità/rischio idrogeologico; non rischio AMR; conservare ciclo, atto, variante e snapshot
ras_dbgt10k	NA	Regione Autonoma della Sardegna	base_cartografica	Database geotopografico regionale 1:10.000	DBGT_10K_22_V05	2025-12-18	geometrie con date eterogenee	CLASSE_TOPOGRAFICA	S	complete_region	base	aperto	unknown	unknown	unknown	GDB; SHP; WMS; WFS	EPSG:6707 o CRS nativo del pacchetto	EPSG:6707 o CRS Atlas secondo pubblicazione	1:10.000	NA	da registrare	https://www.sardegnageoportale.it/areetematiche/databasegeotopografico/	2026-07-15	Certain	Base cartografica ufficiale; il reticolo idrografico è cartografico e non automaticamente una rete idrologicamente validata; il suffisso 22 non implica data uniforme
ras_dtm10m_regionale	NA	Regione Autonoma della Sardegna	topografia	DTM regionale con passo 10 m	snapshot da registrare	unknown	periodo di acquisizione da registrare	RASTER	S	complete_region	base;layer_derivato	aperto	unknown	unknown	unknown	TIFF; WMS; altri formati secondo prodotto	da file	CRS Atlas da definire	10 m	NA	da registrare	https://www.sardegnageoportale.it/areetematiche/modellidigitalidielevazione/	2026-07-15	Certain	Base altimetrica regionale; derivabili quota, pendenza ed esposizione; non dimostra da sola connettività idrologica
ras_dtm_dsm1m_aree_specifiche	NA	Regione Autonoma della Sardegna	topografia	DTM/DSM ad alta risoluzione in aree specifiche	snapshot da registrare	unknown	2013 o altro periodo secondo prodotto	RASTER	S	partial_region	contesto;layer_derivato	aperto	unknown	unknown	unknown	TIFF; servizi	ETRF89 in acquisizione; alcuni prodotti pubblicati EPSG:32632	EPSG:32632 o CRS Atlas secondo prodotto	1 m	NA	da registrare	https://www.sardegnageoportale.it/areetematiche/modellidigitalidielevazione/	2026-07-15	Certain	Copertura non uniforme; non fondere prodotti 1 m, 5 m e 10 m senza mantenere prodotto, tile, anno e CRS
id	parent_id	ente	dominio	dataset	dataset_version	release_date	observation_date	grana_minima	sardegna_separabile	coverage_status	atlas_role	accesso	licenza	license_url	ridistribuibile	formato	source_crs	publication_crs	resolution	feature_count_snapshot	extracted_at	url	verificato_il	confidence	note
pncar_environmental_surveillance	NA	PNCAR; campionamento ambientale progetto	amr_ambientale	Sorveglianza ambientale AMR su pannello PNCAR	schema/template	unknown	periodo da campione	CAMPIONE/MATRICE	S	site_specific	evidenza_ambientale;layer_restricted	restricted	da definire	NA	N	TSV; JSON; risultati qPCR/metagenomica	NA	CRS Atlas generalizzato o ristretto	NA	0	NA	NA	2026-07-16	Likely	Fonte operativa per futuri campioni ambientali; nessun valore misurato inserito; punti e identificativi campione restano restricted
ncbi_pathogen_detection	NA	NCBI; NIH	genomica_amr	NCBI Pathogen Detection: Isolates Browser; MicroBIGG-E; AST Browser; SNP clusters	live_service; versioni da registrare per estrazione	variabile	variabile	ISOLATO/ELEMENTO_AMR	S, solo con metadato regionale esplicito	partial_region; global_public	evidenza_genomica; benchmark	aperto	condizioni NCBI/GenBank da verificare per componente	https://www.ncbi.nlm.nih.gov/pathogens/	unknown	browser; tabelle TSV; Google Cloud; accessioni	NA	NA	NA	da registrare per snapshot	da registrare	https://www.ncbi.nlm.nih.gov/pathogens/	2026-07-15	Certain	Usare accessioni e metadati persistenti; non assegnare alla Sardegna record italiani privi di regione; separare genotipo AMRFinderPlus, AST del depositante e cluster
pathogenwatch	NA	Centre for Genomic Pathogen Surveillance	genomica_amr	Piattaforma Pathogenwatch per collezioni, tipizzazione, AMR e clustering	live_service	variabile	variabile	ISOLATO/COLLEZIONE	S, solo con metadato regionale esplicito	site_specific; collection_specific	piattaforma_esterna; analisi_complementare	pubblico o autenticato secondo collezione	condizioni della piattaforma e dei singoli genomi da verificare	https://pathogen.watch/docs/api	unknown	web; API; report; collection link	NA	NA	NA	da registrare per collezione	da registrare	https://pathogen.watch/	2026-07-15	Likely	Non è fonte epidemiologica autonoma; non sommare automaticamente a NCBI; conservare metodo, database, versione e identificativo della collezione
ena_prjna1411669_environmental_resistome	NA	EMBL-EBI ENA; NCBI SRA; CNR IRSA; Università di Sassari	amr_ambientale	Metagenomi e ampliconi di Lago Bidighinzu e Laguna di Cabras	PRJNA1411669	2026-01-23	2024-02/2024-11	CAMPIONE/CORPO_IDRICO	S	site_specific	evidenza_ambientale;resistoma;layer_restricted	aperto per reads e metadati	condizioni INSDC; licenza articolo separata	unknown	S per metadati e accessioni; risultati secondo fonte	ENA API; FASTQ; articolo	NA	NA	CORPO_IDRICO pubblico; CAMPIONE restricted	106 campioni; 229 run; 58 WGS	2026-07-16	https://www.ebi.ac.uk/ena/browser/view/PRJNA1411669	2026-07-16	Certain	Dieci run WGS di campo su due corpi idrici e 48 run WGS sperimentali non mappati; coordinate e identificativi puntuali solo private; pubblico come aggregato di corpo idrico
arborea_italy_comparative	NA	Codex Vitae ETS; Università degli Studi di Sassari; Università degli Studi di Milano	genomica_amr	Dataset comparativo di E. coli bovini Arborea/Sardegna e Lombardia	da congelare	da congelare	da manifest finale	ISOLATO	S	project_sampling	evidenza_genomica;layer_restricted	restricted	accordi del progetto; da formalizzare	NA	N	assembly; metadati; risultati pipeline	NA	CRS Atlas generalizzato o ristretto	NA	circa 95, provvisorio	da registrare	NA	2026-07-15	Likely	Circa 39 isolati sardi e 56 lombardi secondo metadati interni; non rappresentativo della prevalenza regionale; coordinate puntuali non pubblicabili per default
goat_nas	NA	Codex Vitae ETS; Università degli Studi di Sassari	genomica_amr	WGS di stafilococchi non-aureus caprini	da congelare	da congelare	da manifest finale	ISOLATO	S	project_sampling	evidenza_genomica;layer_restricted	restricted	accordi del progetto; da formalizzare	NA	N	assembly; metadati; risultati AMR; filogenesi core-SNP	NA	CRS Atlas generalizzato o ristretto	NA	circa 50, provvisorio	da registrare	NA	2026-07-15	Likely	Cinque specie secondo metadati interni; non fondere con letteratura NAS ovina/umana; non rappresentativo della prevalenza caprina regionale
letteratura_curata	NA	PubMed; Crossref; editori; autori dei singoli studi	letteratura_amr	Registro curato di studi AMR One Health riferiti alla Sardegna e comparatori	edizione Atlas da congelare	variabile	variabile	STUDIO/OSSERVAZIONE_AMR	S, se riferita esplicitamente alla Sardegna	partial_region; study_specific	evidenza_letteraria;benchmark	variabile	variabile per articolo	NA	N per full text; metadati e citazioni secondo condizioni applicabili	TSV; CSV; JSON interno; DOI; PMID	NA	NA	NA	da registrare per release	da registrare	NA	2026-07-15	Certain	Non aggregare automaticamente denominatori, metodi, host, matrici o risoluzioni; conservare DOI/PMID; distinguere studio regionale, locale, progettuale e comparatore
aou_sassari_published_amr_studies	letteratura_curata	AOU Sassari; Universita di Sassari; PubMed	amr_umano_struttura	Studi pubblicati su Klebsiella pneumoniae, Enterococcus faecium, Acinetobacter baumannii e infezioni respiratorie presso AOU Sassari	2013-2024	2024	2013-2022; un periodo non riportato	STRUTTURA_OSPEDALIERA/COORTE	S	facility_specific	evidenza_clinica;fenotipo;genotipo	articoli aperti e metadati PubMed	licenze miste; citazione PubMed	NA	S per dati aggregati e citazioni	HTML; XML JATS; PDF; tabelle articolo	NA	NA	STRUTTURA_OSPEDALIERA	8 studi; denominatori separati e talvolta sovrapposti	2026-07-16	https://pubmed.ncbi.nlm.nih.gov/37850773/	2026-07-16	Certain	Sassari e la sede della struttura, non il comune di provenienza; alcune coorti KPC/OXA sono potenzialmente sovrapposte e non vanno sommate
binaghi_cagliari_efaecalis_2010	letteratura_curata	Ospedale Binaghi ASL 8 Cagliari; Universita di Cagliari	amr_umano_struttura	Resistenza fenotipica in Enterococcus faecalis clinici	articolo 2010	2010	periodo di raccolta non riportato	STRUTTURA_OSPEDALIERA/COORTE/MATRICE	S	facility_specific	evidenza_clinica;fenotipo	articolo aperto	unknown	NA	S per valori aggregati citati	PDF; tabella articolo	NA	NA	STRUTTURA_OSPEDALIERA	91 isolati da 91 pazienti	2026-07-16	https://www.jpmh.org/index.php/jpmh/article/download/200/183/	2026-07-16	Certain	Cagliari e la sede della struttura, non la residenza dei pazienti; studio storico e non prevalenza corrente
sardinia_three_hospital_nas_2017	letteratura_curata	AOU Sassari; Ospedale San Francesco Nuoro; Ospedale A. Segni Ozieri; IZS Sardegna	amr_umano_animale_multistruttura	Confronto AMR di stafilococchi non-aureus umani e ovini	articolo 2021	2021	2017-04/2017-12	RETE_MULTISTRUTTURA/COORTE/MATRICE	S	study_specific	evidenza_clinica;veterinaria;fenotipo;genotipo	articolo aperto	CC BY 4.0	https://creativecommons.org/licenses/by/4.0/	S	HTML; XML JATS; tabelle articolo	NA	NA	RETE_MULTISTRUTTURA	70 isolati umani; 125 ovini	2026-07-16	https://pubmed.ncbi.nlm.nih.gov/33509310/	2026-07-16	Certain	Le tre strutture sono identificate ma i denominatori umani non sono separabili per ospedale; nessuna attribuzione comunale
ar_iss	NA	Istituto Superiore di Sanità	sorveglianza_amr_umano	Sorveglianza dell’antibiotico-resistenza AR-ISS	2024	unknown	2024	REGIONE/PATOGENO_ANTIBIOTICO	S	partial_region	sorveglianza;benchmark	aperto	unknown	unknown	unknown	HTML; PDF; tabelle	NA	NA	NA	NA	NA	https://www.epicentro.iss.it/antibiotico-resistenza/ar-iss-rapporto	2026-07-15	Certain	Dato fenotipico umano aggregato; Sardegna separabile; copertura regionale da riportare con ogni indicatore; nessun downscaling comunale
ears_net	NA	ECDC	sorveglianza_amr_umano	European Antimicrobial Resistance Surveillance Network; Annual Epidemiological Report	2024	2025-11-18	2024	STATO/PATOGENO_ANTIBIOTICO	N	national_only;eu_only	benchmark	aperto	unknown	unknown	unknown	PDF; Surveillance Atlas; tabelle	NA	NA	NA	NA	NA	https://www.ecdc.europa.eu/en/publications-data/antimicrobial-resistance-eueea-ears-net-annual-epidemiological-report-2024	2026-07-15	Certain	Benchmark Italia-UE; nessuna assegnazione del dato italiano alla Sardegna; dati prevalentemente da isolati invasivi
who_glass_amr	NA	WHO	sorveglianza_amr_umano	WHO Global Antimicrobial Resistance and Use Surveillance System - AMR	2016-2023	2025-10-13	2016-2023	STATO/PATOGENO_ANTIBIOTICO	N	national_only;eu_only	benchmark	aperto	unknown	unknown	unknown	Dashboard; PDF; dati associati	NA	NA	NA	NA	NA	https://www.who.int/initiatives/glass	2026-07-15	Certain	Benchmark globale, regionale OMS e nazionale; distinguere dati grezzi, copertura e stime modellate; non downscalabile alla Sardegna
who_glass_amu	NA	WHO	consumo_antimicrobici_umani	WHO GLASS - antimicrobial use data	2016-2023	2025-09-25	2016-2023	STATO	N	national_only;eu_only	benchmark_consumo	aperto	unknown	unknown	unknown	Dashboard; PDF; profili nazionali	NA	NA	NA	NA	NA	https://www.who.int/news/item/25-09-2025-updated-who-dashboard-offers-new-insights-on-antimicrobial-resistance-and-use	2026-07-15	Certain	Benchmark nazionale/globale di consumo; non sostituisce AIFA/OsMed per la Sardegna
classyfarm_farmaco_biomassa_aggregato	NA	Ministero della Salute; ClassyFarm; IZSLER	consumo_antimicrobici_veterinari	Farmaco Biomassa - consumo aggregato di antimicrobici	unknown	unknown	periodo da snapshot	REGIONE/SPECIE/PERIODO	unknown	unknown	pressione_contesto	consultabile; eventuale export da verificare	unknown	unknown	unknown	Dashboard; eventuale export	NA	NA	NA	NA	NA	https://www.classyfarm.it/	2026-07-15	Likely	Sistema pertinente per il consumo veterinario; la separabilità sarda deve essere verificata sull’export concreto; non misura direttamente AMR
classyfarm_farmaco_singolo_azienda_restricted	NA	Ministero della Salute; ClassyFarm	consumo_antimicrobici_veterinari	Consumo di antimicrobici della singola azienda	unknown	unknown	periodo da record	AZIENDA	S	site_specific	layer_restricted	autenticato	unknown	unknown	N	Dashboard/export riservato	NA	NA	NA	NA	NA	https://www.classyfarm.it/	2026-07-15	Certain	Dato aziendale sensibile; nessuna pubblicazione puntuale per default; coordinate e consumo restano restricted
esvac_archive	NA	EMA	consumo_antimicrobici_veterinari	European Surveillance of Veterinary Antimicrobial Consumption - archivio storico	rapporto finale; dati 2022	2023-11	2010-2022	STATO	N	national_only;eu_only	benchmark	aperto	unknown	unknown	unknown	PDF; tabelle	NA	NA	NA	NA	NA	https://www.ema.europa.eu/en/veterinary-regulatory-overview/antimicrobial-resistance-veterinary-medicine/european-surveillance-veterinary-antimicrobial-consumption-esvac-2009-2023	2026-07-15	Certain	Archivio storico; principalmente vendite; non rappresentativo della Sardegna; non confondere con dati d’uso
esuavet	NA	EMA	consumo_antimicrobici_veterinari	European Sales and Use of Antimicrobials for Veterinary Medicine	2024	2025-12-09	2024	STATO	N	national_only;eu_only	benchmark	aperto	unknown	unknown	unknown	PDF; dashboard; dati associati	NA	NA	NA	NA	NA	https://www.ema.europa.eu/en/veterinary-regulatory-overview/antimicrobial-resistance-veterinary-medicine/european-sales-use-antimicrobials-veterinary-medicine-esuavet-annual-surveillance-reports	2026-07-15	Certain	Fonte corrente post-ESVAC; separare sales e use, specie, unità e denominatori; non downscalabile alla Sardegna
nuoro_acinetobacter_outbreak_2012	letteratura_curata	Ospedale San Francesco ASL 3 Nuoro; Universita di Sassari	amr_umano_struttura	Focolaio MDR Acinetobacter baumannii in terapia intensiva	articolo 2014	2014	2012-06	STRUTTURA_OSPEDALIERA/COORTE/AMBIENTE	S	facility_specific	evidenza_clinica;fenotipo;genotipo;ambiente	articolo aperto	unknown	NA	S per valori aggregati citati	PDF; tabella articolo	NA	NA	STRUTTURA_OSPEDALIERA	10 pazienti; 2 superfici; 12 isolati tipizzati	2026-07-16	https://pubmed.ncbi.nlm.nih.gov/24858645/	2026-07-16	Certain	Nuoro e la sede della struttura e del focolaio; non e il comune di residenza dei pazienti
north_sardinia_mycobacteria_2020_2023	letteratura_curata	AOU Sassari; Universita di Sassari	amr_umano_area_vasta	Micobatteri e resistenza ai farmaci nel sistema sanitario del Nord Sardegna	articolo 2023	2023	2020-01/2023-04	AREA_VASTA/COORTE	S	area_wide_study	evidenza_clinica;fenotipo;genotipo	articolo aperto	CC BY 4.0	https://creativecommons.org/licenses/by/4.0/	S	HTML; XML JATS; tabelle articolo	NA	NA	NORD_SARDEGNA	1836 sospetti; 89 MTB; 42 NTM	2026-07-16	https://pubmed.ncbi.nlm.nih.gov/38059624/	2026-07-16	Certain	La fonte non pubblica ripartizioni comunali o per struttura inviante; nessun downscaling
izs_sardegna_bioresource_amr	NA	Istituto Zooprofilattico Sperimentale della Sardegna	amr_veterinario_catalogo	Bioresource IZSSA - ceppi batterici con origine geografica e antibiogramma	snapshot 2026-07-16	unknown	2004-08-10/2006-03-29	ISOLATO/COMUNE/LOCALITA	S	selective_catalogue	evidenza_veterinaria;fenotipo;layer_comunale	catalogo web aperto	unknown	NA	S per aggregati con citazione	HTML	NA	WGS84 da confini DBGT	COMUNE	564 ceppi nel catalogo; 25 con flag antibiogramma; 10 comuni pubblicabili	2026-07-16	https://www.izs-sardegna.it/oldsite/cpt_index.cfm	2026-07-16	Certain	Il catalogo pubblico mostra 564 ceppi totali ma solo 25 con flag ABG e antibiogramma estraibile; pubblico solo aggregato comunale senza localita o identificativi; chiedere export SIGLA/OEVR per espandere i risultati; non prevalenza
streptococcus_uberis_municipal_2011_2016	letteratura_curata	Istituto Zooprofilattico Sperimentale della Sardegna; Monash University	amr_veterinario_studio	Streptococcus uberis da mastite ovina con comune e antibiogramma	articolo e supplementi 2022	2022-07-07	2011-2016	ISOLATO/AZIENDA/COMUNE	S	selected_cohort	evidenza_veterinaria;fenotipo;genotipo;layer_comunale	articolo e supplementi aperti	CC BY 4.0	https://creativecommons.org/licenses/by/4.0/	S per aggregati con citazione	XLSX; articolo	NA	WGS84 da confini DBGT	COMUNE	46 isolati; 36 comuni; 644 esiti antibiotico-isolato	2026-07-16	https://pubmed.ncbi.nlm.nih.gov/35799261/	2026-07-16	Certain	Un isolato selezionato per azienda e profilo RFLP; pubblico solo aggregato comunale; identificativi e dettaglio aziendale in private; non prevalenza
ras_piano_amr_zoonotico_2026	NA	Regione Autonoma della Sardegna; Ministero della Salute; CRAB	amr_veterinario_monitoraggio	Piano regionale 2026 di monitoraggio armonizzato AMR zoonotica	2026	2025-12	2026	CAMPIONE/PUNTO_VENDITA/MACELLO/AZIENDA in sistemi riservati; ASL nel piano pubblico	S	planned_monitoring;restricted_results	fonte_istituzionale;procedura_accesso	piano pubblico; risultati SINVSA e CRAB autenticati	unknown	NA	N per risultati granulari senza autorizzazione	PDF; SINVSA; CRAB	NA	NA	ASL nel piano pubblico	16 campioni pianificati in Sardegna nel 2026	2026-07-16	https://www.regione.sardegna.it/atti-bandi-archivi/atti-amministrativi/liste-elenchi/piano-di-controllo-regionale-pluriennale-pcrp-2025-2027-relativo-ai-controlli-ufficiali-e-alle-altre-attivita-ufficiali	2026-07-16	Certain	Il piano assegna campioni per ASL; esiti S-I-R e metadati granulari richiedono credenziali o richiesta istituzionale; nessuna inferenza di AMR dai campioni pianificati

berchidda_pecorino_starter_cultures_amr	letteratura_curata	Agris Sardegna	amr_filiera_alimentare	Colture naturali in scotta per Pecorino Romano DOP provenienti da due caseifici di Berchidda	articolo 2021	2021-06-23	fine anni 1960	COLTURA/CASEIFICIO_ANONIMO/COMUNE	S	historical_selected_cultures	evidenza_alimentare;fenotipo;genotipo;layer_comunale	articolo e tabelle aperti	CC BY 4.0	https://creativecommons.org/licenses/by/4.0/	S per aggregati con citazione	XML JATS; tabelle articolo	NA	WGS84 da confini DBGT	COMUNE	3 colture; 2 caseifici anonimi; 1 comune	2026-07-16	https://pubmed.ncbi.nlm.nih.gov/34201694/	2026-07-16	Certain	Evidenza storica di filiera; pubblico il comune e i risultati per coltura, non l'ubicazione dei caseifici; non prevalenza comunale attuale
streptococcus_ruminantium_sardinia_2023	letteratura_curata	Istituto Zooprofilattico Sperimentale della Sardegna; Monash University	amr_veterinario_studio	Streptococcus ruminantium associato a mastite ovina	articolo 2023	2023-12-11	2011-2022	ISOLATO/AZIENDA_ANONIMA/AREA_REGIONALE	S	selected_outbreak_and_historical_isolates	evidenza_veterinaria;fenotipo;genotipo;WGS	articolo; BioProject aperto	CC BY 4.0	https://creativecommons.org/licenses/by/4.0/	S per aggregati con citazione	XML JATS; ENA TSV	NA	NA	SARDEGNA_ORIENTALE/REGIONE	17 isolati sardi	2026-07-16	https://pubmed.ncbi.nlm.nih.gov/38087338/	2026-07-16	Certain	Tutti resistenti alla kanamicina; nessun gene AMR rilevato; azienda e comune non pubblicati; BioProject PRJNA1009676 riporta solo Sardinia
enterococcus_faecalis_mastitis_sardinia_2013	letteratura_curata	Istituto Zooprofilattico Sperimentale della Sardegna; Universita di Sassari	amr_veterinario_studio	Focolaio di mastite ovina da Enterococcus faecalis MDR	articolo 2013	2013-03-01	2008-08	CAMPIONE/AZIENDA_ANONIMA/AREA_REGIONALE	S	outbreak_cohort	evidenza_veterinaria;fenotipo;clonalita	articolo aperto	CC BY-NC-SA	https://creativecommons.org/licenses/by-nc-sa/4.0/	S per aggregati con citazione	articolo	NA	NA	SARDEGNA_SETTENTRIONALE	699 campioni; 48 isolati E. faecalis; 45 MDR	2026-07-16	https://pubmed.ncbi.nlm.nih.gov/22595402/	2026-07-16	Certain	Azienda intensiva anonima del Nord Sardegna; nessuna attribuzione comunale
# Stato: registro completo dei blocchi AMR/consumo, territoriale/ambientale e genomico-letterario; le licenze unknown restano da verificare per export specifici.
